{"train": {"important": {"top1": [-0.13852596976904585, -0.05377697780165103, -0.02669162726945461, -0.002547212569536123], "topk": [-0.08182906916707713, -0.028014488926861633, -0.0136151067808852, -0.0018450594732226694]}, "random": {"top1": -0.05084050478374927, "topk": -0.026206682959201345}, "to": {"top1": 0.7345481240842981, "topk": 0.9324519011716812}}, "test": {"important": {"top1": [-0.1237153846153846, -0.042220000000000014, -0.01590307692307693, 0.009964615384615383], "topk": [-0.09672153846153851, -0.031118461538461543, -0.010344615384615388, 0.007338461538461539]}, "random": {"top1": -0.03950000000000001, "topk": -0.02855230769230769}, "to": {"top1": 0.6244, "topk": 0.8642000000000002}}}