{"train": {"important": {"top1": [-0.17837031019836505, -0.07346692978700203, -0.01581576801474776, 0.10225044448529079], "topk": [-0.14699193877602693, -0.05424502732776197, -0.011503564166541646, 0.05754092189958156]}, "random": {"top1": -0.022084028083850807, "topk": -0.015401977636022983}, "to": {"top1": 0.6253390961076019, "topk": 0.8619399533482204}}, "test": {"important": {"top1": [-0.17360769230769232, -0.07597538461538461, -0.019752307692307694, 0.10516615384615387], "topk": [-0.1589169230769231, -0.05851076923076924, -0.00953692307692308, 0.08059692307692307]}, "random": {"top1": -0.02561538461538464, "topk": -0.01344461538461539}, "to": {"top1": 0.5426, "topk": 0.7841999999999999}}}