{"train": {"important": {"top1": [-0.3243438822972242, -0.0940564103344172, -0.05391914430522753, -0.04199926873313539], "topk": [-0.34396869003181363, -0.08550614774539994, -0.05527211473851394, -0.045899929765291905]}, "random": {"top1": -0.10557135809893413, "topk": -0.09370970951988732}, "to": {"top1": 0.5902701974141206, "topk": 0.8358241740374082}}, "test": {"important": {"top1": [-0.28979, -0.08197200000000004, -0.043894, -0.030791999999999996], "topk": [-0.3280319999999998, -0.080204, -0.046778000000000014, -0.034274]}, "random": {"top1": -0.09257600000000003, "topk": -0.08802000000000003}, "to": {"top1": 0.5209999999999998, "topk": 0.7706000000000004}}}