{"train": {"important": {"top1": [-0.4804101805997415, -0.11922826958837245, -0.09241111100715088, 0.013646506001651878], "topk": [-0.3787965080530754, -0.07556642869161032, -0.07249799194757302, -2.8914778039750063e-05]}, "random": {"top1": -0.11649187016395907, "topk": -0.06975460901320857}, "to": {"top1": 0.8375768057851062, "topk": 0.9732674580735541}}, "test": {"important": {"top1": [-0.386414, -0.08118399999999999, -0.047933999999999984, 0.04685000000000002], "topk": [-0.38442599999999993, -0.07240200000000002, -0.052714, 0.025009999999999994]}, "random": {"top1": -0.08106600000000004, "topk": -0.06726600000000002}, "to": {"top1": 0.66424, "topk": 0.8830000000000001}}}